id,firstname,lastname
e6d21206-fd02-11ec-9968-94e6f7609987,Amanda,Gomez
e6d21207-fd02-11ec-81df-94e6f7609987,Megan,Mejia
e6d21208-fd02-11ec-b8c9-94e6f7609987,Bobby,Davidson
e6d21209-fd02-11ec-86d9-94e6f7609987,Bas,Niesink
e6d2120a-fd02-11ec-a3f4-94e6f7609987,Robert,Thomas
e6d2391d-fd02-11ec-9a3b-94e6f7609987,Caitlin,Ferrell
e6d2391e-fd02-11ec-a7e8-94e6f7609987,Katie,Harvey
e6d2391f-fd02-11ec-b410-94e6f7609987,Jill,Bailey
e6d23920-fd02-11ec-8362-94e6f7609987,Christopher,Graves
e6d23921-fd02-11ec-9294-94e6f7609987,Joshua,Williams
e6d23922-fd02-11ec-87c2-94e6f7609987,Kelly,Cox
e6d23923-fd02-11ec-bcc6-94e6f7609987,Kevin,Ewing
e6d26038-fd02-11ec-9d49-94e6f7609987,Gina,Glover
e6d26039-fd02-11ec-aba9-94e6f7609987,Lucas,Murray
e6d2603a-fd02-11ec-83fe-94e6f7609987,Mason,Medina
e6d2603b-fd02-11ec-a5ae-94e6f7609987,Lacey,Diaz
e6d2603c-fd02-11ec-b6b9-94e6f7609987,Noah,Dillon
e6d2603d-fd02-11ec-9559-94e6f7609987,Gina,Mendez
e6d2603e-fd02-11ec-b79a-94e6f7609987,Tammy,Parker
e6d2603f-fd02-11ec-b140-94e6f7609987,Steven,Lyons
e6d28740-fd02-11ec-b24f-94e6f7609987,Andrew,Peterson
e6d28741-fd02-11ec-8cb2-94e6f7609987,Andrew,Greer
e6d28742-fd02-11ec-b3fb-94e6f7609987,Brianna,Martin
e6d28743-fd02-11ec-b4c4-94e6f7609987,Alexis,Manning
e6d28744-fd02-11ec-8e4c-94e6f7609987,Stephanie,Burke
e6d28745-fd02-11ec-9ff9-94e6f7609987,Robert,Tran
e6d28746-fd02-11ec-b0aa-94e6f7609987,Adrienne,Jackson
e6d28747-fd02-11ec-b604-94e6f7609987,Jacob,Gonzalez
e6d2ae49-fd02-11ec-8194-94e6f7609987,Blake,Greene
e6d2ae4a-fd02-11ec-9fdd-94e6f7609987,Michelle,Jones
e6d2ae4b-fd02-11ec-ada9-94e6f7609987,Audrey,Gordon
e6d2ae4c-fd02-11ec-ad86-94e6f7609987,Willem,Meints
e6d2ae4d-fd02-11ec-921f-94e6f7609987,Christopher,Watkins
e6d2d582-fd02-11ec-82ec-94e6f7609987,John,Jackson
e6d2d583-fd02-11ec-91a4-94e6f7609987,Monica,Chen
e6d2d584-fd02-11ec-8b35-94e6f7609987,Kimberly,Rios
e6d2d585-fd02-11ec-b482-94e6f7609987,Jordan,Padilla
e6d2d586-fd02-11ec-ab37-94e6f7609987,Sarah,Sherman
e6d2fcce-fd02-11ec-af18-94e6f7609987,Andrew,Patel
e6d2fccf-fd02-11ec-b96b-94e6f7609987,John,Thomas
e6d2fcd0-fd02-11ec-be68-94e6f7609987,Laurie,Soto
e6d2fcd1-fd02-11ec-8bb0-94e6f7609987,Amanda,Duncan
e6d32406-fd02-11ec-8fed-94e6f7609987,Heather,Baldwin
e6d32407-fd02-11ec-a01a-94e6f7609987,Samantha,Cannon
e6d32408-fd02-11ec-8a1e-94e6f7609987,John,Jones
e6d32409-fd02-11ec-89eb-94e6f7609987,Thomas,Ruiz
e6d3240a-fd02-11ec-970d-94e6f7609987,Douglas,Johnson
e6d34a99-fd02-11ec-b2e0-94e6f7609987,Douglas,Schmidt
e6d34a9a-fd02-11ec-be11-94e6f7609987,Katrina,Johnson
e6d34a9b-fd02-11ec-bfe9-94e6f7609987,Laura,Swanson
e6d34a9c-fd02-11ec-8b34-94e6f7609987,Christopher,Frank
e6d34a9d-fd02-11ec-9cd5-94e6f7609987,Heather,Clay
e6d34a9e-fd02-11ec-bcac-94e6f7609987,Jessica,Mcmillan
e6d34a9f-fd02-11ec-b5e5-94e6f7609987,Shannon,Burgess
e6d34aa0-fd02-11ec-89a4-94e6f7609987,Cassandra,Harris
e6d37196-fd02-11ec-b704-94e6f7609987,Edward,Davidson
e6d37197-fd02-11ec-abd7-94e6f7609987,Gordon,Roman
e6d37198-fd02-11ec-8674-94e6f7609987,Samantha,Carter
e6d37199-fd02-11ec-a542-94e6f7609987,David,Wilson
e6d3719a-fd02-11ec-9299-94e6f7609987,Tonya,George
e6d3719b-fd02-11ec-beca-94e6f7609987,Rodney,Thompson
e6d3719c-fd02-11ec-8e7d-94e6f7609987,Robin,Smith
e6d39918-fd02-11ec-943c-94e6f7609987,Douglas,Nguyen
e6d39919-fd02-11ec-8bbb-94e6f7609987,Shane,Robbins
e6d3991a-fd02-11ec-8e3c-94e6f7609987,Karl,Soto
e6d3991b-fd02-11ec-9e2f-94e6f7609987,Jennifer,Kline
e6d3991c-fd02-11ec-9745-94e6f7609987,Marilyn,Potter
e6d3991d-fd02-11ec-915b-94e6f7609987,Brandy,Myers
e6d3991e-fd02-11ec-a494-94e6f7609987,Olivia,Jacobson
e6d3991f-fd02-11ec-8327-94e6f7609987,Bradley,Osborne
e6d3bfd7-fd02-11ec-b403-94e6f7609987,Lucia,Conde
e6d3bfd8-fd02-11ec-aadd-94e6f7609987,Mark,Rodriguez
e6d3bfd9-fd02-11ec-be04-94e6f7609987,Kevin,Williams
e6d3bfda-fd02-11ec-91d8-94e6f7609987,Rebecca,Parker
e6d3bfdb-fd02-11ec-b766-94e6f7609987,Samantha,Velez
e6d3bfdc-fd02-11ec-a426-94e6f7609987,Heather,Watkins
e6d3bfdd-fd02-11ec-a13d-94e6f7609987,Beth,Morris
e6d3e6d0-fd02-11ec-a306-94e6f7609987,Sonya,Cunningham
e6d3e6d1-fd02-11ec-88b1-94e6f7609987,Leslie,Hoover
e6d3e6d2-fd02-11ec-9ddc-94e6f7609987,Matthew,Olson
e6d3e6d3-fd02-11ec-8f21-94e6f7609987,Norman,Valdez
e6d3e6d4-fd02-11ec-a83a-94e6f7609987,Lisa,Livingston
e6d3e6d5-fd02-11ec-9aea-94e6f7609987,Henry,Sanchez
e6d3e6d6-fd02-11ec-913c-94e6f7609987,Alexandra,Mcbride
e6d3e6d7-fd02-11ec-b125-94e6f7609987,Danny,Ferguson
e6d43507-fd02-11ec-8afa-94e6f7609987,Marcus,Kramer
e6d43508-fd02-11ec-be02-94e6f7609987,Zachary,Elliott
e6d43509-fd02-11ec-8866-94e6f7609987,Jennifer,Valencia
e6d4350a-fd02-11ec-9058-94e6f7609987,Bruce,Lester
e6d45bff-fd02-11ec-92e5-94e6f7609987,Michael,Shepherd
e6d45c00-fd02-11ec-83da-94e6f7609987,Monica,Gomez
e6d45c01-fd02-11ec-bcf5-94e6f7609987,John,Lopez
e6d45c02-fd02-11ec-b8d9-94e6f7609987,Joseph,Jenkins
e6d45c03-fd02-11ec-bca7-94e6f7609987,Joseph,Frye
e6d45c04-fd02-11ec-8aec-94e6f7609987,Thomas,Gamble
e6d4830d-fd02-11ec-9ef7-94e6f7609987,John,Murphy
e6d4830e-fd02-11ec-b5bc-94e6f7609987,Cindy,Cox
e6d4830f-fd02-11ec-8017-94e6f7609987,Amanda,Knapp
e6d48310-fd02-11ec-aa1c-94e6f7609987,Jennifer,Scott
e6d48311-fd02-11ec-b444-94e6f7609987,Greg,Martin
